split,index,ground_truth,prediction,correct,confidence
val,0,0,0,True,0.9546
val,1,0,0,True,0.9543
val,2,0,0,True,0.8369
val,3,0,0,True,0.5441
val,4,0,2,False,0.3734
val,5,0,1,False,0.5763
val,6,0,1,False,0.4108
val,7,0,0,True,0.4938
val,8,0,0,True,0.8867
val,9,0,0,True,0.8709
val,10,0,0,True,0.8435
val,11,0,1,False,0.5447
val,12,0,0,True,0.8307
val,13,0,0,True,0.6454
val,14,0,1,False,0.6244
val,15,0,0,True,0.9028
val,16,0,1,False,0.4618
val,17,0,1,False,0.4963
val,18,0,0,True,0.6347
val,19,0,0,True,0.7464
val,20,0,0,True,0.5640
val,21,0,0,True,0.8040
val,22,0,0,True,0.5120
val,23,0,0,True,0.7281
val,24,0,0,True,0.9209
val,25,0,0,True,0.7715
val,26,0,0,True,0.6252
val,27,0,0,True,0.6870
val,28,0,2,False,0.3427
val,29,0,0,True,0.5826
val,30,0,0,True,0.4019
val,31,0,0,True,0.8058
val,32,0,0,True,0.8701
val,33,0,1,False,0.5946
val,34,0,0,True,0.7374
val,35,0,0,True,0.7365
val,36,0,0,True,0.6788
val,37,0,2,False,0.4537
val,38,0,0,True,0.5794
val,39,0,0,True,0.5232
val,40,0,1,False,0.4735
val,41,0,0,True,0.9192
val,42,0,0,True,0.7604
val,43,0,0,True,0.4967
val,44,0,0,True,0.8953
val,45,0,0,True,0.7675
val,46,0,0,True,0.7206
val,47,0,1,False,0.5139
val,48,0,0,True,0.8505
val,49,0,0,True,0.3273
val,50,0,0,True,0.8788
val,51,0,0,True,0.7528
val,52,0,0,True,0.7269
val,53,0,0,True,0.4799
val,54,0,0,True,0.6584
val,55,0,0,True,0.5863
val,56,0,0,True,0.7428
val,57,0,0,True,0.8699
val,58,0,0,True,0.8238
val,59,0,0,True,0.8878
val,60,0,0,True,0.7019
val,61,0,2,False,0.4160
val,62,0,0,True,0.9103
val,63,0,0,True,0.7980
val,64,0,2,False,0.4009
val,65,0,0,True,0.9211
val,66,0,1,False,0.5417
val,67,0,0,True,0.8338
val,68,0,0,True,0.4841
val,69,0,1,False,0.4558
val,70,0,0,True,0.7686
val,71,0,0,True,0.8551
val,72,0,0,True,0.9083
val,73,0,0,True,0.8895
val,74,0,0,True,0.8658
val,75,0,0,True,0.8361
val,76,0,1,False,0.5083
val,77,0,0,True,0.7380
val,78,0,0,True,0.6271
val,79,0,0,True,0.6358
val,80,0,2,False,0.7097
val,81,0,0,True,0.9340
val,82,0,0,True,0.9234
val,83,0,0,True,0.7942
val,84,0,0,True,0.4672
val,85,0,0,True,0.6752
val,86,0,0,True,0.6004
val,87,0,0,True,0.4187
val,88,0,0,True,0.6278
val,89,0,0,True,0.6241
val,90,0,0,True,0.7987
val,91,0,0,True,0.8245
val,92,0,0,True,0.9193
val,93,0,0,True,0.7079
val,94,0,0,True,0.8369
val,95,0,0,True,0.4225
val,96,0,0,True,0.5625
val,97,0,0,True,0.8464
val,98,0,0,True,0.7535
val,99,0,0,True,0.9053
val,100,0,0,True,0.6811
val,101,0,0,True,0.8937
val,102,0,0,True,0.7067
val,103,0,0,True,0.9284
val,104,0,0,True,0.9639
val,105,0,0,True,0.6719
val,106,0,0,True,0.7583
val,107,0,1,False,0.5555
val,108,0,0,True,0.6945
val,109,0,0,True,0.5901
val,110,0,0,True,0.9379
val,111,0,0,True,0.9096
val,112,0,0,True,0.9624
val,113,0,0,True,0.9668
val,114,0,0,True,0.9487
val,115,0,0,True,0.8422
val,116,0,0,True,0.8683
val,117,0,0,True,0.7957
val,118,0,1,False,0.5536
val,119,0,0,True,0.6365
val,120,0,0,True,0.5029
val,121,0,0,True,0.9375
val,122,0,0,True,0.6959
val,123,0,0,True,0.8225
val,124,0,0,True,0.5552
val,125,0,0,True,0.8562
val,126,0,0,True,0.8310
val,127,0,0,True,0.6794
val,128,0,0,True,0.6098
val,129,0,0,True,0.8630
val,130,0,0,True,0.4704
val,131,0,1,False,0.4761
val,132,0,1,False,0.6862
val,133,0,0,True,0.6628
val,134,0,1,False,0.5857
val,135,0,0,True,0.8943
val,136,0,0,True,0.7559
val,137,0,0,True,0.9044
val,138,0,0,True,0.8518
val,139,0,0,True,0.8512
val,140,0,0,True,0.8020
val,141,0,0,True,0.9083
val,142,0,0,True,0.6934
val,143,0,0,True,0.9246
val,144,0,2,False,0.5169
val,145,0,0,True,0.8148
val,146,0,0,True,0.6874
val,147,0,2,False,0.5941
val,148,0,0,True,0.4947
val,149,0,0,True,0.4401
val,150,0,0,True,0.7227
val,151,0,0,True,0.9458
val,152,0,0,True,0.7601
val,153,0,0,True,0.5364
val,154,0,0,True,0.5217
val,155,0,0,True,0.7576
val,156,0,0,True,0.9092
val,157,0,0,True,0.9191
val,158,0,0,True,0.5483
val,159,0,0,True,0.6975
val,160,0,0,True,0.7664
val,161,0,0,True,0.8220
val,162,0,0,True,0.5393
val,163,0,0,True,0.8698
val,164,0,0,True,0.9064
val,165,0,0,True,0.6019
val,166,0,0,True,0.8346
val,167,0,0,True,0.9392
val,168,0,0,True,0.7632
val,169,0,0,True,0.6568
val,170,0,0,True,0.8618
val,171,0,0,True,0.8526
val,172,0,0,True,0.9093
val,173,0,0,True,0.8504
val,174,0,0,True,0.7463
val,175,0,0,True,0.5417
val,176,0,0,True,0.8616
val,177,0,0,True,0.8592
val,178,0,0,True,0.9643
val,179,0,0,True,0.9661
val,180,0,0,True,0.7877
val,181,0,0,True,0.7766
val,182,0,0,True,0.9164
val,183,0,0,True,0.9043
val,184,0,0,True,0.7741
val,185,0,0,True,0.8519
val,186,0,0,True,0.9276
val,187,0,2,False,0.8446
val,188,0,0,True,0.6748
val,189,0,1,False,0.4653
val,190,0,1,False,0.4638
val,191,0,0,True,0.8643
val,192,0,0,True,0.9251
val,193,0,1,False,0.5760
val,194,0,0,True,0.5791
val,195,0,0,True,0.6098
val,196,0,0,True,0.7846
val,197,0,0,True,0.7743
val,198,0,0,True,0.8023
val,199,0,0,True,0.7547
val,200,0,0,True,0.7588
val,201,0,2,False,0.7705
val,202,0,1,False,0.5356
val,203,0,0,True,0.9039
val,204,0,0,True,0.6913
val,205,0,0,True,0.7247
val,206,0,0,True,0.9452
val,207,0,0,True,0.9404
val,208,0,0,True,0.9053
val,209,0,1,False,0.5561
val,210,0,0,True,0.6068
val,211,0,2,False,0.6481
val,212,0,0,True,0.8665
val,213,0,0,True,0.9090
val,214,0,0,True,0.9193
val,215,0,0,True,0.8316
val,216,0,0,True,0.7364
val,217,0,0,True,0.7464
val,218,0,1,False,0.4133
val,219,0,0,True,0.8185
val,220,0,0,True,0.8964
val,221,0,0,True,0.8506
val,222,0,1,False,0.3866
val,223,0,0,True,0.7426
val,224,0,0,True,0.5494
val,225,0,1,False,0.4380
val,226,0,2,False,0.5618
val,227,0,0,True,0.9264
val,228,0,1,False,0.5640
val,229,0,0,True,0.9218
val,230,0,0,True,0.8747
val,231,0,0,True,0.8253
val,232,0,0,True,0.8184
val,233,0,0,True,0.8227
val,234,0,0,True,0.8860
val,235,0,0,True,0.7032
val,236,0,0,True,0.5667
val,237,0,1,False,0.5532
val,238,0,0,True,0.4638
val,239,0,0,True,0.7977
val,240,0,2,False,0.6798
val,241,0,0,True,0.7285
val,242,0,0,True,0.6740
val,243,0,0,True,0.8387
val,244,0,0,True,0.9383
val,245,0,0,True,0.8976
val,246,0,0,True,0.9255
val,247,0,0,True,0.9504
val,248,0,2,False,0.4462
val,249,0,0,True,0.8722
val,250,0,0,True,0.9230
val,251,0,0,True,0.7619
val,252,0,0,True,0.5857
val,253,0,0,True,0.9136
val,254,0,0,True,0.6045
val,255,0,2,False,0.7264
val,256,0,0,True,0.8590
val,257,0,0,True,0.4910
val,258,0,1,False,0.3658
val,259,0,0,True,0.5243
val,260,0,1,False,0.6186
val,261,0,0,True,0.8598
val,262,0,1,False,0.6197
val,263,0,0,True,0.8970
val,264,0,0,True,0.6987
val,265,0,0,True,0.6701
val,266,0,0,True,0.5754
val,267,0,0,True,0.7601
val,268,0,0,True,0.7701
val,269,0,0,True,0.4508
val,270,0,0,True,0.7960
val,271,0,0,True,0.7211
val,272,0,0,True,0.6009
val,273,0,0,True,0.8873
val,274,0,0,True,0.8495
val,275,0,0,True,0.5413
val,276,0,1,False,0.4240
val,277,0,0,True,0.9197
val,278,0,0,True,0.9086
val,279,0,0,True,0.8494
val,280,0,1,False,0.4197
val,281,0,2,False,0.4619
val,282,0,2,False,0.3930
val,283,0,0,True,0.6864
val,284,0,0,True,0.8278
val,285,0,0,True,0.4371
val,286,0,0,True,0.7797
val,287,0,0,True,0.8880
val,288,0,0,True,0.9472
val,289,0,0,True,0.9156
val,290,0,1,False,0.4807
val,291,0,1,False,0.5615
val,292,0,0,True,0.8138
val,293,0,0,True,0.6466
val,294,0,0,True,0.7838
val,295,0,0,True,0.5930
val,296,0,0,True,0.9271
val,297,0,0,True,0.7298
val,298,0,0,True,0.6209
val,299,0,0,True,0.5834
val,300,0,0,True,0.9149
val,301,0,0,True,0.8856
val,302,0,0,True,0.7433
val,303,0,0,True,0.9018
val,304,0,0,True,0.8754
val,305,0,0,True,0.9156
val,306,0,1,False,0.4714
val,307,0,2,False,0.8658
val,308,0,0,True,0.6789
val,309,0,1,False,0.4913
val,310,0,0,True,0.5436
val,311,0,0,True,0.7799
val,312,0,0,True,0.9148
val,313,0,0,True,0.9324
val,314,0,0,True,0.3881
val,315,0,0,True,0.6371
val,316,0,0,True,0.7345
val,317,0,1,False,0.4262
val,318,0,0,True,0.9301
val,319,0,0,True,0.9235
val,320,0,0,True,0.8197
val,321,0,0,True,0.7428
val,322,0,1,False,0.4704
val,323,0,0,True,0.8832
val,324,0,0,True,0.7439
val,325,0,0,True,0.8569
val,326,0,0,True,0.9544
val,327,0,0,True,0.6015
val,328,1,1,True,0.6673
val,329,1,0,False,0.7501
val,330,1,0,False,0.7480
val,331,1,1,True,0.4290
val,332,1,0,False,0.6866
val,333,1,0,False,0.5913
val,334,1,0,False,0.6586
val,335,1,2,False,0.4922
val,336,1,3,False,0.6367
val,337,1,0,False,0.5212
val,338,1,0,False,0.5056
val,339,1,1,True,0.4871
val,340,1,1,True,0.6172
val,341,1,1,True,0.4672
val,342,1,0,False,0.5629
val,343,1,1,True,0.5939
val,344,1,2,False,0.8838
val,345,1,0,False,0.7611
val,346,1,0,False,0.6899
val,347,1,0,False,0.9080
val,348,1,0,False,0.4720
val,349,1,0,False,0.6094
val,350,1,1,True,0.5270
val,351,1,0,False,0.6644
val,352,1,0,False,0.3689
val,353,1,0,False,0.6818
val,354,1,0,False,0.7046
val,355,1,1,True,0.4628
val,356,1,0,False,0.7158
val,357,1,1,True,0.3886
val,358,1,0,False,0.6998
val,359,1,0,False,0.5821
val,360,1,0,False,0.4156
val,361,1,0,False,0.7799
val,362,1,2,False,0.8920
val,363,1,0,False,0.8175
val,364,1,1,True,0.5027
val,365,1,0,False,0.5960
val,366,1,1,True,0.4121
val,367,1,1,True,0.5020
val,368,1,1,True,0.6982
val,369,1,1,True,0.5493
val,370,1,2,False,0.4403
val,371,1,0,False,0.7920
val,372,1,1,True,0.4198
val,373,1,1,True,0.4488
val,374,1,0,False,0.7122
val,375,1,0,False,0.6967
val,376,1,0,False,0.6717
val,377,1,2,False,0.5130
val,378,1,0,False,0.9441
val,379,1,0,False,0.7952
val,380,1,0,False,0.7074
val,381,1,1,True,0.4962
val,382,1,0,False,0.6205
val,383,1,0,False,0.5341
val,384,1,0,False,0.8903
val,385,1,0,False,0.5036
val,386,1,0,False,0.7401
val,387,1,0,False,0.4677
val,388,1,0,False,0.7107
val,389,1,1,True,0.4053
val,390,1,2,False,0.9016
val,391,1,2,False,0.4962
val,392,1,1,True,0.4548
val,393,1,1,True,0.5883
val,394,1,1,True,0.6349
val,395,1,2,False,0.6346
val,396,1,0,False,0.7789
val,397,1,0,False,0.9385
val,398,1,1,True,0.6263
val,399,1,1,True,0.5165
val,400,1,1,True,0.6471
val,401,1,2,False,0.8080
val,402,1,1,True,0.5264
val,403,1,0,False,0.5679
val,404,1,0,False,0.8264
val,405,1,0,False,0.5798
val,406,1,0,False,0.8675
val,407,1,0,False,0.5746
val,408,1,0,False,0.6954
val,409,1,0,False,0.8494
val,410,1,0,False,0.8614
val,411,1,0,False,0.9274
val,412,1,2,False,0.6397
val,413,1,1,True,0.3856
val,414,1,2,False,0.8227
val,415,1,1,True,0.6027
val,416,1,2,False,0.4664
val,417,1,2,False,0.7615
val,418,1,0,False,0.4931
val,419,1,0,False,0.8594
val,420,1,1,True,0.4698
val,421,1,2,False,0.4532
val,422,1,0,False,0.7456
val,423,1,1,True,0.4646
val,424,1,0,False,0.6190
val,425,1,2,False,0.4676
val,426,1,0,False,0.8864
val,427,1,1,True,0.5446
val,428,1,1,True,0.5267
val,429,1,2,False,0.4934
val,430,1,0,False,0.6789
val,431,1,1,True,0.4338
val,432,1,0,False,0.5622
val,433,1,2,False,0.9107
val,434,1,0,False,0.8528
val,435,1,0,False,0.4599
val,436,1,2,False,0.4367
val,437,1,1,True,0.5645
val,438,1,0,False,0.5483
val,439,1,2,False,0.5014
val,440,1,1,True,0.5689
val,441,1,1,True,0.6429
val,442,1,1,True,0.5136
val,443,1,2,False,0.8652
val,444,1,0,False,0.6336
val,445,1,0,False,0.6346
val,446,1,2,False,0.5644
val,447,1,1,True,0.5597
val,448,1,0,False,0.5804
val,449,1,1,True,0.5465
val,450,1,0,False,0.4847
val,451,1,0,False,0.4682
val,452,1,0,False,0.7339
val,453,1,2,False,0.4751
val,454,1,1,True,0.6272
val,455,1,1,True,0.6119
val,456,1,0,False,0.8804
val,457,1,1,True,0.5062
val,458,1,0,False,0.7259
val,459,1,0,False,0.7247
val,460,1,0,False,0.8557
val,461,1,0,False,0.8845
val,462,1,1,True,0.4747
val,463,1,0,False,0.7363
val,464,1,1,True,0.4831
val,465,1,1,True,0.5330
val,466,1,1,True,0.4648
val,467,1,0,False,0.6051
val,468,1,3,False,0.6698
val,469,1,0,False,0.7756
val,470,1,0,False,0.6085
val,471,1,0,False,0.7836
val,472,1,2,False,0.8623
val,473,1,2,False,0.8059
val,474,1,2,False,0.4401
val,475,1,0,False,0.6927
val,476,1,0,False,0.6210
val,477,1,1,True,0.5517
val,478,1,2,False,0.4715
val,479,1,1,True,0.4269
val,480,1,1,True,0.4674
val,481,2,2,True,0.6299
val,482,2,2,True,0.8891
val,483,2,1,False,0.5589
val,484,2,1,False,0.4643
val,485,2,1,False,0.5172
val,486,2,2,True,0.8886
val,487,2,1,False,0.4930
val,488,2,2,True,0.3682
val,489,2,2,True,0.6788
val,490,2,2,True,0.7841
val,491,2,0,False,0.6982
val,492,2,2,True,0.6480
val,493,2,2,True,0.4196
val,494,2,2,True,0.9632
val,495,2,2,True,0.8375
val,496,2,2,True,0.8871
val,497,2,3,False,0.5366
val,498,2,1,False,0.4891
val,499,2,1,False,0.4712
val,500,2,2,True,0.7545
val,501,2,2,True,0.8240
val,502,2,2,True,0.8697
val,503,2,2,True,0.7912
val,504,2,2,True,0.5160
val,505,2,2,True,0.7156
val,506,2,3,False,0.8968
val,507,2,2,True,0.9286
val,508,2,2,True,0.9875
val,509,2,0,False,0.8978
val,510,2,2,True,0.6656
val,511,2,2,True,0.7429
val,512,2,2,True,0.9799
val,513,2,0,False,0.5719
val,514,2,1,False,0.4989
val,515,2,1,False,0.4938
val,516,2,2,True,0.8943
val,517,2,0,False,0.5488
val,518,2,0,False,0.5644
val,519,2,2,True,0.5083
val,520,2,2,True,0.9184
val,521,2,2,True,0.8008
val,522,2,2,True,0.8263
val,523,2,0,False,0.5109
val,524,2,2,True,0.8962
val,525,2,0,False,0.4752
val,526,2,2,True,0.6858
val,527,2,0,False,0.4499
val,528,2,2,True,0.9769
val,529,2,2,True,0.9773
val,530,2,2,True,0.7544
val,531,2,0,False,0.5102
val,532,2,1,False,0.6384
val,533,2,2,True,0.7299
val,534,2,2,True,0.9852
val,535,2,2,True,0.5554
val,536,2,2,True,0.8555
val,537,2,2,True,0.8556
val,538,2,2,True,0.7652
val,539,2,1,False,0.4671
val,540,2,2,True,0.5070
val,541,2,2,True,0.9342
val,542,2,2,True,0.3371
val,543,2,2,True,0.9732
val,544,2,0,False,0.8154
val,545,2,1,False,0.4471
val,546,2,2,True,0.9818
val,547,2,1,False,0.4812
val,548,2,1,False,0.5678
val,549,2,2,True,0.8805
val,550,2,2,True,0.9334
val,551,2,2,True,0.8024
val,552,2,2,True,0.8636
val,553,2,2,True,0.6880
val,554,2,2,True,0.8504
val,555,2,1,False,0.4767
val,556,2,2,True,0.4471
val,557,2,1,False,0.5094
val,558,2,2,True,0.8509
val,559,2,2,True,0.5326
val,560,2,2,True,0.8544
val,561,2,1,False,0.5677
val,562,2,2,True,0.6176
val,563,2,1,False,0.5643
val,564,2,2,True,0.5010
val,565,2,2,True,0.6427
val,566,2,0,False,0.7171
val,567,2,2,True,0.6280
val,568,2,0,False,0.7106
val,569,2,2,True,0.4560
val,570,2,0,False,0.3949
val,571,2,1,False,0.5189
val,572,2,2,True,0.5864
val,573,2,2,True,0.7540
val,574,2,1,False,0.3999
val,575,2,1,False,0.4579
val,576,2,0,False,0.5715
val,577,2,2,True,0.9890
val,578,2,2,True,0.9425
val,579,2,2,True,0.7092
val,580,2,2,True,0.4647
val,581,2,2,True,0.7383
val,582,2,2,True,0.5372
val,583,2,1,False,0.5382
val,584,2,3,False,0.8551
val,585,2,2,True,0.5743
val,586,2,2,True,0.6695
val,587,2,2,True,0.9463
val,588,2,2,True,0.5031
val,589,2,1,False,0.5127
val,590,2,2,True,0.9381
val,591,2,2,True,0.5784
val,592,2,2,True,0.8954
val,593,2,1,False,0.4852
val,594,2,1,False,0.4719
val,595,2,1,False,0.4846
val,596,2,2,True,0.6670
val,597,2,2,True,0.8617
val,598,2,3,False,0.8714
val,599,2,2,True,0.8593
val,600,2,0,False,0.4784
val,601,2,0,False,0.9005
val,602,2,2,True,0.8150
val,603,2,2,True,0.8642
val,604,2,2,True,0.4261
val,605,2,2,True,0.8519
val,606,2,2,True,0.7470
val,607,2,2,True,0.9471
val,608,2,2,True,0.9325
val,609,2,2,True,0.8330
val,610,2,2,True,0.7197
val,611,2,1,False,0.3922
val,612,2,1,False,0.3975
val,613,2,0,False,0.6728
val,614,2,2,True,0.5489
val,615,2,2,True,0.9719
val,616,2,2,True,0.9774
val,617,2,0,False,0.3734
val,618,2,1,False,0.3862
val,619,2,2,True,0.9655
val,620,2,2,True,0.9441
val,621,2,2,True,0.9544
val,622,2,1,False,0.4178
val,623,2,2,True,0.3989
val,624,2,2,True,0.7924
val,625,2,2,True,0.5489
val,626,2,1,False,0.5365
val,627,2,1,False,0.6555
val,628,2,2,True,0.8028
val,629,2,2,True,0.6766
val,630,2,2,True,0.4206
val,631,2,2,True,0.7319
val,632,2,2,True,0.5221
val,633,2,3,False,0.5082
val,634,2,2,True,0.8970
val,635,2,2,True,0.5024
val,636,2,0,False,0.6090
val,637,2,2,True,0.7697
val,638,2,0,False,0.3982
val,639,2,2,True,0.7847
val,640,2,2,True,0.6616
val,641,2,2,True,0.9835
val,642,2,0,False,0.4020
val,643,2,2,True,0.6122
val,644,2,0,False,0.4109
val,645,2,2,True,0.8542
val,646,2,2,True,0.4472
val,647,2,2,True,0.7847
val,648,2,2,True,0.5978
val,649,2,2,True,0.8409
val,650,2,2,True,0.4168
val,651,2,1,False,0.4612
val,652,2,2,True,0.6465
val,653,2,0,False,0.6573
val,654,2,2,True,0.9513
val,655,2,2,True,0.6969
val,656,2,0,False,0.6140
val,657,2,2,True,0.8983
val,658,2,2,True,0.9450
val,659,2,2,True,0.7823
val,660,2,2,True,0.5245
val,661,2,1,False,0.4604
val,662,2,2,True,0.3957
val,663,2,2,True,0.7079
val,664,2,1,False,0.5474
val,665,2,2,True,0.9229
val,666,2,2,True,0.7488
val,667,2,1,False,0.4930
val,668,2,2,True,0.9505
val,669,2,2,True,0.7744
val,670,2,1,False,0.5394
val,671,2,2,True,0.6091
val,672,2,2,True,0.6816
val,673,2,2,True,0.4067
val,674,2,1,False,0.5720
val,675,2,0,False,0.4680
val,676,2,2,True,0.5480
val,677,2,1,False,0.4539
val,678,2,2,True,0.8490
val,679,2,0,False,0.7675
val,680,2,2,True,0.6949
val,681,2,2,True,0.5303
val,682,2,2,True,0.4460
val,683,2,2,True,0.6044
val,684,2,2,True,0.9148
val,685,2,1,False,0.5008
val,686,2,2,True,0.5457
val,687,2,2,True,0.9068
val,688,2,2,True,0.4326
val,689,2,2,True,0.9442
val,690,2,2,True,0.8067
val,691,2,2,True,0.5550
val,692,2,3,False,0.4939
val,693,3,3,True,0.7684
val,694,3,3,True,0.7812
val,695,3,3,True,0.9695
val,696,3,3,True,0.8180
val,697,3,2,False,0.8105
val,698,3,2,False,0.8659
val,699,3,3,True,0.8054
val,700,3,3,True,0.6147
val,701,3,3,True,0.5043
val,702,3,3,True,0.7478
val,703,3,3,True,0.9300
val,704,3,3,True,0.9445
val,705,3,3,True,0.8830
val,706,3,2,False,0.8460
val,707,3,2,False,0.7546
val,708,3,2,False,0.6443
val,709,3,2,False,0.5700
val,710,3,3,True,0.7675
val,711,3,3,True,0.9454
val,712,3,3,True,0.9030
val,713,3,3,True,0.7151
val,714,3,3,True,0.7751
val,715,3,0,False,0.3483
val,716,3,3,True,0.6186
val,717,3,3,True,0.9642
val,718,3,3,True,0.5547
val,719,3,3,True,0.8239
val,720,3,3,True,0.8213
val,721,3,3,True,0.9611
val,722,3,3,True,0.8947
val,723,3,3,True,0.8410
val,724,3,3,True,0.9436
val,725,3,3,True,0.9522
val,726,3,2,False,0.6051
val,727,3,3,True,0.6588
val,728,3,2,False,0.6556
val,729,3,3,True,0.5409
val,730,3,2,False,0.9118
val,731,3,2,False,0.6128
val,732,3,3,True,0.9377
val,733,3,2,False,0.7824
val,734,3,3,True,0.6081
val,735,3,3,True,0.9302
val,736,3,3,True,0.9200
val,737,3,3,True,0.5222
val,738,3,3,True,0.8981
val,739,3,3,True,0.9695
val,740,3,2,False,0.4133
val,741,3,0,False,0.6494
val,742,3,4,False,0.7850
val,743,3,3,True,0.5257
val,744,3,2,False,0.7855
val,745,3,3,True,0.5800
val,746,3,2,False,0.5498
val,747,3,3,True,0.8042
val,748,3,3,True,0.6461
val,749,3,3,True,0.8773
val,750,3,3,True,0.9639
val,751,3,2,False,0.5667
val,752,3,3,True,0.9403
val,753,3,3,True,0.9558
val,754,3,1,False,0.4529
val,755,3,3,True,0.8749
val,756,3,3,True,0.9460
val,757,3,3,True,0.9664
val,758,3,3,True,0.9458
val,759,3,3,True,0.7256
val,760,3,2,False,0.5146
val,761,3,3,True,0.6108
val,762,3,3,True,0.9564
val,763,3,2,False,0.5540
val,764,3,3,True,0.9432
val,765,3,3,True,0.9631
val,766,3,3,True,0.5426
val,767,3,2,False,0.6078
val,768,3,2,False,0.6723
val,769,3,3,True,0.9255
val,770,3,3,True,0.9000
val,771,3,3,True,0.9448
val,772,3,3,True,0.9102
val,773,3,3,True,0.9010
val,774,3,3,True,0.9836
val,775,3,1,False,0.4686
val,776,3,3,True,0.9568
val,777,3,0,False,0.8630
val,778,3,2,False,0.9250
val,779,3,2,False,0.6428
val,780,3,3,True,0.9543
val,781,3,3,True,0.9059
val,782,3,3,True,0.7480
val,783,3,3,True,0.9437
val,784,3,3,True,0.7552
val,785,3,2,False,0.5018
val,786,3,3,True,0.7333
val,787,3,3,True,0.8883
val,788,3,2,False,0.8412
val,789,3,3,True,0.5717
val,790,3,2,False,0.7916
val,791,3,3,True,0.5959
val,792,3,3,True,0.6715
val,793,3,3,True,0.9595
val,794,3,2,False,0.7739
val,795,3,3,True,0.8000
val,796,3,3,True,0.5373
val,797,3,3,True,0.5904
val,798,3,2,False,0.6203
val,799,4,4,True,0.9680
val,800,4,4,True,0.9939
val,801,4,4,True,0.9960
val,802,4,4,True,0.9951
val,803,4,4,True,0.9919
val,804,4,3,False,0.9575
val,805,4,4,True,0.9955
val,806,4,3,False,0.9132
val,807,4,4,True,0.7024
val,808,4,4,True,0.9838
val,809,4,4,True,0.9961
val,810,4,4,True,0.9576
val,811,4,3,False,0.5578
val,812,4,4,True,0.8596
val,813,4,3,False,0.7182
val,814,4,4,True,0.9952
val,815,4,4,True,0.9600
val,816,4,3,False,0.9470
val,817,4,4,True,0.9951
val,818,4,4,True,0.9965
val,819,4,4,True,0.9816
val,820,4,4,True,0.9939
val,821,4,4,True,0.8054
val,822,4,4,True,0.9912
val,823,4,4,True,0.9964
val,824,4,4,True,0.9927
val,825,4,4,True,0.9959
test,0,0,0,True,0.9269
test,1,0,0,True,0.9349
test,2,0,0,True,0.6135
test,3,0,0,True,0.8135
test,4,0,0,True,0.6262
test,5,0,0,True,0.6508
test,6,0,0,True,0.8568
test,7,0,0,True,0.8938
test,8,0,1,False,0.6293
test,9,0,0,True,0.8930
test,10,0,0,True,0.7792
test,11,0,0,True,0.8745
test,12,0,0,True,0.7493
test,13,0,0,True,0.8968
test,14,0,0,True,0.6110
test,15,0,0,True,0.6812
test,16,0,2,False,0.4135
test,17,0,0,True,0.9003
test,18,0,0,True,0.4446
test,19,0,0,True,0.9062
test,20,0,0,True,0.6580
test,21,0,0,True,0.8181
test,22,0,0,True,0.5892
test,23,0,0,True,0.3736
test,24,0,0,True,0.7046
test,25,0,0,True,0.5774
test,26,0,0,True,0.8743
test,27,0,0,True,0.8809
test,28,0,0,True,0.7092
test,29,0,0,True,0.7988
test,30,0,0,True,0.8852
test,31,0,0,True,0.5506
test,32,0,0,True,0.7106
test,33,0,0,True,0.7159
test,34,0,1,False,0.3775
test,35,0,1,False,0.5646
test,36,0,0,True,0.5756
test,37,0,0,True,0.5594
test,38,0,1,False,0.5174
test,39,0,0,True,0.6589
test,40,0,0,True,0.7674
test,41,0,1,False,0.4597
test,42,0,2,False,0.4342
test,43,0,0,True,0.5498
test,44,0,1,False,0.4967
test,45,0,0,True,0.9371
test,46,0,0,True,0.8952
test,47,0,0,True,0.6650
test,48,0,0,True,0.8562
test,49,0,0,True,0.8146
test,50,0,0,True,0.7041
test,51,0,0,True,0.8419
test,52,0,0,True,0.8105
test,53,0,2,False,0.4879
test,54,0,0,True,0.8097
test,55,0,2,False,0.8168
test,56,0,0,True,0.5710
test,57,0,0,True,0.6538
test,58,0,0,True,0.9069
test,59,0,0,True,0.9548
test,60,0,0,True,0.9188
test,61,0,0,True,0.8569
test,62,0,0,True,0.6499
test,63,0,0,True,0.9269
test,64,0,0,True,0.9010
test,65,0,0,True,0.9434
test,66,0,0,True,0.7878
test,67,0,0,True,0.8255
test,68,0,0,True,0.9358
test,69,0,0,True,0.7011
test,70,0,1,False,0.4448
test,71,0,2,False,0.5352
test,72,0,2,False,0.3735
test,73,0,1,False,0.4914
test,74,0,1,False,0.4631
test,75,0,1,False,0.4966
test,76,0,0,True,0.5483
test,77,0,0,True,0.8654
test,78,0,0,True,0.9351
test,79,0,0,True,0.7483
test,80,0,0,True,0.7830
test,81,0,0,True,0.4558
test,82,0,0,True,0.8387
test,83,0,0,True,0.5369
test,84,0,2,False,0.5941
test,85,0,0,True,0.5980
test,86,0,0,True,0.7982
test,87,0,0,True,0.5556
test,88,0,1,False,0.5400
test,89,0,0,True,0.5780
test,90,0,0,True,0.9170
test,91,0,0,True,0.9534
test,92,0,0,True,0.9420
test,93,0,0,True,0.9161
test,94,0,0,True,0.6864
test,95,0,0,True,0.8733
test,96,0,0,True,0.7132
test,97,0,0,True,0.7896
test,98,0,0,True,0.8620
test,99,0,0,True,0.9519
test,100,0,0,True,0.8214
test,101,0,0,True,0.9378
test,102,0,0,True,0.9454
test,103,0,0,True,0.9540
test,104,0,0,True,0.9514
test,105,0,0,True,0.7819
test,106,0,0,True,0.9240
test,107,0,0,True,0.9508
test,108,0,0,True,0.8394
test,109,0,0,True,0.5622
test,110,0,0,True,0.6803
test,111,0,0,True,0.8493
test,112,0,0,True,0.4590
test,113,0,2,False,0.3932
test,114,0,0,True,0.7715
test,115,0,0,True,0.4837
test,116,0,0,True,0.4753
test,117,0,1,False,0.5786
test,118,0,0,True,0.9065
test,119,0,0,True,0.5338
test,120,0,0,True,0.8503
test,121,0,0,True,0.8188
test,122,0,0,True,0.8175
test,123,0,0,True,0.6932
test,124,0,0,True,0.9085
test,125,0,0,True,0.8686
test,126,0,0,True,0.8275
test,127,0,0,True,0.8961
test,128,0,0,True,0.9334
test,129,0,0,True,0.8290
test,130,0,0,True,0.7190
test,131,0,0,True,0.6547
test,132,0,0,True,0.8423
test,133,0,0,True,0.9299
test,134,0,1,False,0.5187
test,135,0,0,True,0.9294
test,136,0,0,True,0.8680
test,137,0,0,True,0.6481
test,138,0,0,True,0.8519
test,139,0,0,True,0.7787
test,140,0,0,True,0.5897
test,141,0,0,True,0.9347
test,142,0,0,True,0.8734
test,143,0,0,True,0.7950
test,144,0,0,True,0.6572
test,145,0,0,True,0.4002
test,146,0,0,True,0.8928
test,147,0,0,True,0.4810
test,148,0,0,True,0.6021
test,149,0,0,True,0.7634
test,150,0,0,True,0.6640
test,151,0,0,True,0.6686
test,152,0,0,True,0.8281
test,153,0,0,True,0.7589
test,154,0,0,True,0.9078
test,155,0,0,True,0.8078
test,156,0,0,True,0.8445
test,157,0,0,True,0.7530
test,158,0,0,True,0.8652
test,159,0,0,True,0.8605
test,160,0,0,True,0.7623
test,161,0,0,True,0.4986
test,162,0,1,False,0.5798
test,163,0,0,True,0.9115
test,164,0,0,True,0.8268
test,165,0,0,True,0.7337
test,166,0,2,False,0.6062
test,167,0,0,True,0.4970
test,168,0,1,False,0.6071
test,169,0,0,True,0.8645
test,170,0,0,True,0.9219
test,171,0,0,True,0.7880
test,172,0,0,True,0.9205
test,173,0,0,True,0.9317
test,174,0,0,True,0.9518
test,175,0,0,True,0.8922
test,176,0,0,True,0.9048
test,177,0,1,False,0.5181
test,178,0,0,True,0.7616
test,179,0,0,True,0.8277
test,180,0,0,True,0.6787
test,181,0,2,False,0.6823
test,182,0,0,True,0.7712
test,183,0,1,False,0.5375
test,184,0,0,True,0.8460
test,185,0,0,True,0.9070
test,186,0,0,True,0.7727
test,187,0,0,True,0.8016
test,188,0,0,True,0.9429
test,189,0,0,True,0.7688
test,190,0,0,True,0.8499
test,191,0,0,True,0.9659
test,192,0,0,True,0.6981
test,193,0,2,False,0.3941
test,194,0,0,True,0.7747
test,195,0,0,True,0.6428
test,196,0,0,True,0.8186
test,197,0,2,False,0.3690
test,198,0,0,True,0.6082
test,199,0,0,True,0.8734
test,200,0,0,True,0.7230
test,201,0,0,True,0.9453
test,202,0,0,True,0.9717
test,203,0,0,True,0.9275
test,204,0,0,True,0.8860
test,205,0,0,True,0.7139
test,206,0,0,True,0.9098
test,207,0,0,True,0.4931
test,208,0,0,True,0.9588
test,209,0,0,True,0.6403
test,210,0,0,True,0.6361
test,211,0,0,True,0.7895
test,212,0,0,True,0.8162
test,213,0,0,True,0.9554
test,214,0,0,True,0.8766
test,215,0,0,True,0.7019
test,216,0,0,True,0.8428
test,217,0,0,True,0.8930
test,218,0,0,True,0.4538
test,219,0,0,True,0.9031
test,220,0,0,True,0.8957
test,221,0,0,True,0.9838
test,222,0,0,True,0.9328
test,223,0,0,True,0.8449
test,224,0,0,True,0.8357
test,225,0,0,True,0.8362
test,226,0,0,True,0.8458
test,227,0,0,True,0.9128
test,228,0,0,True,0.9211
test,229,0,0,True,0.8340
test,230,0,0,True,0.6915
test,231,0,0,True,0.7760
test,232,0,0,True,0.9231
test,233,0,0,True,0.6368
test,234,0,0,True,0.8928
test,235,0,0,True,0.6143
test,236,0,0,True,0.6196
test,237,0,1,False,0.6746
test,238,0,0,True,0.6483
test,239,0,0,True,0.8720
test,240,0,0,True,0.8981
test,241,0,0,True,0.9219
test,242,0,0,True,0.9252
test,243,0,0,True,0.8843
test,244,0,0,True,0.8870
test,245,0,0,True,0.7774
test,246,0,0,True,0.8529
test,247,0,0,True,0.7888
test,248,0,0,True,0.8013
test,249,0,0,True,0.7991
test,250,0,0,True,0.7619
test,251,0,0,True,0.8600
test,252,0,1,False,0.4182
test,253,0,0,True,0.5533
test,254,0,0,True,0.6889
test,255,0,0,True,0.9280
test,256,0,0,True,0.7675
test,257,0,0,True,0.6230
test,258,0,0,True,0.9483
test,259,0,0,True,0.8525
test,260,0,0,True,0.8919
test,261,0,0,True,0.8371
test,262,0,0,True,0.5013
test,263,0,1,False,0.5758
test,264,0,0,True,0.8903
test,265,0,0,True,0.8373
test,266,0,0,True,0.5666
test,267,0,0,True,0.9298
test,268,0,0,True,0.8121
test,269,0,0,True,0.8034
test,270,0,0,True,0.9511
test,271,0,0,True,0.9147
test,272,0,0,True,0.8048
test,273,0,0,True,0.9134
test,274,0,0,True,0.8897
test,275,0,0,True,0.8007
test,276,0,0,True,0.7440
test,277,0,1,False,0.5094
test,278,0,0,True,0.7809
test,279,0,0,True,0.8399
test,280,0,0,True,0.9114
test,281,0,1,False,0.4263
test,282,0,0,True,0.4855
test,283,0,0,True,0.6137
test,284,0,0,True,0.7546
test,285,0,0,True,0.9164
test,286,0,0,True,0.6586
test,287,0,0,True,0.7987
test,288,0,0,True,0.4858
test,289,0,0,True,0.5095
test,290,0,0,True,0.7592
test,291,0,1,False,0.4627
test,292,0,0,True,0.6517
test,293,0,0,True,0.6816
test,294,0,0,True,0.7256
test,295,0,0,True,0.8811
test,296,0,0,True,0.8675
test,297,0,0,True,0.8827
test,298,0,0,True,0.5201
test,299,0,1,False,0.4953
test,300,0,0,True,0.7052
test,301,0,0,True,0.8043
test,302,0,1,False,0.4512
test,303,0,0,True,0.9541
test,304,0,0,True,0.6206
test,305,0,0,True,0.7155
test,306,0,0,True,0.8385
test,307,0,0,True,0.6941
test,308,0,0,True,0.9585
test,309,0,0,True,0.9272
test,310,0,0,True,0.8371
test,311,0,0,True,0.8989
test,312,0,1,False,0.4484
test,313,0,0,True,0.9600
test,314,0,0,True,0.9212
test,315,0,2,False,0.6925
test,316,0,1,False,0.6094
test,317,0,1,False,0.3697
test,318,0,0,True,0.8938
test,319,0,2,False,0.4713
test,320,0,0,True,0.8428
test,321,0,0,True,0.5238
test,322,0,0,True,0.7417
test,323,0,0,True,0.8335
test,324,0,0,True,0.8112
test,325,0,0,True,0.7001
test,326,0,1,False,0.4810
test,327,0,0,True,0.5147
test,328,0,0,True,0.6670
test,329,0,0,True,0.9003
test,330,0,0,True,0.8156
test,331,0,0,True,0.8177
test,332,0,0,True,0.5181
test,333,0,0,True,0.7190
test,334,0,0,True,0.9080
test,335,0,0,True,0.7528
test,336,0,0,True,0.8350
test,337,0,0,True,0.8962
test,338,0,0,True,0.5317
test,339,0,1,False,0.5418
test,340,0,0,True,0.4916
test,341,0,0,True,0.8072
test,342,0,0,True,0.9209
test,343,0,0,True,0.6339
test,344,0,0,True,0.7879
test,345,0,0,True,0.8948
test,346,0,0,True,0.4820
test,347,0,1,False,0.5396
test,348,0,0,True,0.6918
test,349,0,2,False,0.4701
test,350,0,0,True,0.6721
test,351,0,0,True,0.5382
test,352,0,0,True,0.7245
test,353,0,0,True,0.4143
test,354,0,0,True,0.9086
test,355,0,1,False,0.5386
test,356,0,0,True,0.5783
test,357,0,0,True,0.9444
test,358,0,0,True,0.8632
test,359,0,0,True,0.8495
test,360,0,0,True,0.5165
test,361,0,0,True,0.7645
test,362,0,0,True,0.4598
test,363,0,0,True,0.8309
test,364,0,1,False,0.4551
test,365,0,0,True,0.8730
test,366,0,0,True,0.8880
test,367,0,2,False,0.4533
test,368,0,0,True,0.6755
test,369,0,0,True,0.7876
test,370,0,0,True,0.8310
test,371,0,0,True,0.6670
test,372,0,0,True,0.7945
test,373,0,2,False,0.6853
test,374,0,0,True,0.9438
test,375,0,0,True,0.8658
test,376,0,0,True,0.6267
test,377,0,0,True,0.8555
test,378,0,0,True,0.7564
test,379,0,0,True,0.9276
test,380,0,1,False,0.5074
test,381,0,2,False,0.4507
test,382,0,0,True,0.7983
test,383,0,1,False,0.6474
test,384,0,0,True,0.9103
test,385,0,0,True,0.8716
test,386,0,2,False,0.3731
test,387,0,0,True,0.6698
test,388,0,0,True,0.7933
test,389,0,0,True,0.7318
test,390,0,0,True,0.6093
test,391,0,0,True,0.7523
test,392,0,2,False,0.6023
test,393,0,2,False,0.5153
test,394,0,1,False,0.3969
test,395,0,0,True,0.6856
test,396,0,0,True,0.8066
test,397,0,0,True,0.7953
test,398,0,0,True,0.4782
test,399,0,0,True,0.5355
test,400,0,0,True,0.9034
test,401,0,0,True,0.9432
test,402,0,0,True,0.8417
test,403,0,0,True,0.9578
test,404,0,0,True,0.9594
test,405,0,0,True,0.8955
test,406,0,0,True,0.8781
test,407,0,0,True,0.5213
test,408,0,1,False,0.5027
test,409,0,2,False,0.7539
test,410,0,0,True,0.6064
test,411,0,0,True,0.7780
test,412,0,0,True,0.6975
test,413,0,0,True,0.9763
test,414,0,0,True,0.9479
test,415,0,1,False,0.5406
test,416,0,0,True,0.9314
test,417,0,0,True,0.6014
test,418,0,1,False,0.4756
test,419,0,0,True,0.8342
test,420,0,0,True,0.7944
test,421,0,0,True,0.8498
test,422,0,0,True,0.8421
test,423,0,0,True,0.4650
test,424,0,0,True,0.7933
test,425,0,0,True,0.7173
test,426,0,1,False,0.6153
test,427,0,1,False,0.4185
test,428,0,0,True,0.6014
test,429,0,0,True,0.8699
test,430,0,0,True,0.8393
test,431,0,0,True,0.7875
test,432,0,0,True,0.7950
test,433,0,0,True,0.7194
test,434,0,0,True,0.7296
test,435,0,1,False,0.5294
test,436,0,0,True,0.8578
test,437,0,0,True,0.7662
test,438,0,0,True,0.4893
test,439,0,0,True,0.8333
test,440,0,0,True,0.7467
test,441,0,0,True,0.8457
test,442,0,0,True,0.9634
test,443,0,0,True,0.9015
test,444,0,0,True,0.9253
test,445,0,0,True,0.7663
test,446,0,0,True,0.6726
test,447,0,0,True,0.6039
test,448,0,1,False,0.6660
test,449,0,0,True,0.7194
test,450,0,0,True,0.8625
test,451,0,2,False,0.5158
test,452,0,1,False,0.4968
test,453,0,0,True,0.7202
test,454,0,0,True,0.8851
test,455,0,0,True,0.4901
test,456,0,0,True,0.4246
test,457,0,0,True,0.8429
test,458,0,0,True,0.8818
test,459,0,0,True,0.8646
test,460,0,0,True,0.6897
test,461,0,0,True,0.5864
test,462,0,0,True,0.5835
test,463,0,0,True,0.7848
test,464,0,0,True,0.8679
test,465,0,0,True,0.8775
test,466,0,0,True,0.9402
test,467,0,0,True,0.8823
test,468,0,0,True,0.4807
test,469,0,0,True,0.9121
test,470,0,0,True,0.9131
test,471,0,0,True,0.3832
test,472,0,0,True,0.7862
test,473,0,0,True,0.6707
test,474,0,1,False,0.6753
test,475,0,0,True,0.9527
test,476,0,0,True,0.6141
test,477,0,0,True,0.7051
test,478,0,0,True,0.4181
test,479,0,0,True,0.7556
test,480,0,0,True,0.6537
test,481,0,0,True,0.6532
test,482,0,0,True,0.6256
test,483,0,1,False,0.4887
test,484,0,0,True,0.9190
test,485,0,0,True,0.9333
test,486,0,0,True,0.5966
test,487,0,0,True,0.6527
test,488,0,0,True,0.5391
test,489,0,0,True,0.7879
test,490,0,0,True,0.9227
test,491,0,0,True,0.5648
test,492,0,0,True,0.8046
test,493,0,0,True,0.9345
test,494,0,0,True,0.9298
test,495,0,0,True,0.6050
test,496,0,0,True,0.7798
test,497,0,0,True,0.7009
test,498,0,0,True,0.8712
test,499,0,0,True,0.9217
test,500,0,0,True,0.9298
test,501,0,0,True,0.8291
test,502,0,0,True,0.8881
test,503,0,0,True,0.9219
test,504,0,0,True,0.8827
test,505,0,0,True,0.5252
test,506,0,1,False,0.5631
test,507,0,0,True,0.7692
test,508,0,0,True,0.4547
test,509,0,0,True,0.9310
test,510,0,0,True,0.8354
test,511,0,1,False,0.5356
test,512,0,0,True,0.7104
test,513,0,0,True,0.9455
test,514,0,0,True,0.4118
test,515,0,0,True,0.7057
test,516,0,0,True,0.8878
test,517,0,0,True,0.4871
test,518,0,0,True,0.8534
test,519,0,0,True,0.7857
test,520,0,1,False,0.4412
test,521,0,0,True,0.9263
test,522,0,0,True,0.8977
test,523,0,0,True,0.9485
test,524,0,0,True,0.7852
test,525,0,0,True,0.8750
test,526,0,0,True,0.3878
test,527,0,0,True,0.6699
test,528,0,0,True,0.9191
test,529,0,0,True,0.9275
test,530,0,1,False,0.4773
test,531,0,1,False,0.5583
test,532,0,0,True,0.8279
test,533,0,0,True,0.8273
test,534,0,0,True,0.7287
test,535,0,0,True,0.7246
test,536,0,1,False,0.5144
test,537,0,1,False,0.4866
test,538,0,0,True,0.8920
test,539,0,0,True,0.7020
test,540,0,0,True,0.8535
test,541,0,0,True,0.9253
test,542,0,1,False,0.4367
test,543,0,1,False,0.4696
test,544,0,0,True,0.9193
test,545,0,0,True,0.8751
test,546,0,0,True,0.8101
test,547,0,0,True,0.7921
test,548,0,0,True,0.8345
test,549,0,0,True,0.7653
test,550,0,0,True,0.5582
test,551,0,1,False,0.5783
test,552,0,0,True,0.7538
test,553,0,0,True,0.8329
test,554,0,0,True,0.6545
test,555,0,0,True,0.6952
test,556,0,0,True,0.8746
test,557,0,0,True,0.6480
test,558,0,0,True,0.8062
test,559,0,1,False,0.4860
test,560,0,0,True,0.8919
test,561,0,0,True,0.8723
test,562,0,0,True,0.6907
test,563,0,0,True,0.6929
test,564,0,0,True,0.6924
test,565,0,0,True,0.7600
test,566,0,0,True,0.9001
test,567,0,0,True,0.7576
test,568,0,0,True,0.6078
test,569,0,0,True,0.6286
test,570,0,0,True,0.7033
test,571,0,1,False,0.4692
test,572,0,1,False,0.5965
test,573,0,0,True,0.7747
test,574,0,0,True,0.6760
test,575,0,0,True,0.5405
test,576,0,0,True,0.8535
test,577,0,0,True,0.8203
test,578,0,0,True,0.5828
test,579,0,0,True,0.4756
test,580,0,0,True,0.5822
test,581,0,0,True,0.5423
test,582,0,0,True,0.6791
test,583,0,0,True,0.7930
test,584,0,0,True,0.5761
test,585,0,0,True,0.8551
test,586,0,1,False,0.6135
test,587,0,0,True,0.8554
test,588,0,0,True,0.8222
test,589,0,0,True,0.7664
test,590,0,0,True,0.7373
test,591,0,0,True,0.7375
test,592,0,0,True,0.8173
test,593,0,0,True,0.9292
test,594,0,2,False,0.7678
test,595,0,2,False,0.8996
test,596,0,0,True,0.8571
test,597,0,0,True,0.9070
test,598,0,2,False,0.3665
test,599,0,0,True,0.4549
test,600,0,0,True,0.9336
test,601,0,0,True,0.9649
test,602,0,0,True,0.7757
test,603,0,0,True,0.9053
test,604,0,0,True,0.9235
test,605,0,1,False,0.7066
test,606,0,0,True,0.7270
test,607,0,0,True,0.8407
test,608,0,1,False,0.7112
test,609,0,0,True,0.9329
test,610,0,1,False,0.3934
test,611,0,0,True,0.6135
test,612,0,0,True,0.6694
test,613,0,0,True,0.6558
test,614,0,0,True,0.7281
test,615,0,1,False,0.3862
test,616,0,1,False,0.5099
test,617,0,0,True,0.7577
test,618,0,0,True,0.8263
test,619,0,0,True,0.7660
test,620,0,0,True,0.6249
test,621,0,0,True,0.9115
test,622,0,0,True,0.5832
test,623,0,0,True,0.7740
test,624,0,0,True,0.7113
test,625,0,1,False,0.5491
test,626,0,0,True,0.6891
test,627,0,0,True,0.5182
test,628,0,0,True,0.9559
test,629,0,1,False,0.5318
test,630,0,0,True,0.8213
test,631,0,0,True,0.8192
test,632,0,0,True,0.9639
test,633,0,0,True,0.6421
test,634,0,2,False,0.7089
test,635,0,0,True,0.3551
test,636,0,0,True,0.8982
test,637,0,0,True,0.6820
test,638,0,0,True,0.9251
test,639,1,0,False,0.5840
test,640,1,1,True,0.6185
test,641,1,0,False,0.4539
test,642,1,1,True,0.5002
test,643,1,1,True,0.6199
test,644,1,1,True,0.4644
test,645,1,2,False,0.9040
test,646,1,1,True,0.4706
test,647,1,0,False,0.8084
test,648,1,0,False,0.6578
test,649,1,1,True,0.6876
test,650,1,0,False,0.8696
test,651,1,2,False,0.5330
test,652,1,0,False,0.6183
test,653,1,1,True,0.4682
test,654,1,0,False,0.5315
test,655,1,0,False,0.3872
test,656,1,2,False,0.8691
test,657,1,2,False,0.4843
test,658,1,1,True,0.5191
test,659,1,1,True,0.5896
test,660,1,1,True,0.5422
test,661,1,2,False,0.7440
test,662,1,0,False,0.5842
test,663,1,2,False,0.6435
test,664,1,0,False,0.5600
test,665,1,0,False,0.4818
test,666,1,0,False,0.7486
test,667,1,0,False,0.6346
test,668,1,0,False,0.8862
test,669,1,0,False,0.8713
test,670,1,0,False,0.4643
test,671,1,0,False,0.6770
test,672,1,1,True,0.4290
test,673,1,0,False,0.7481
test,674,1,0,False,0.8345
test,675,1,1,True,0.5425
test,676,1,1,True,0.4513
test,677,1,1,True,0.4955
test,678,1,1,True,0.4578
test,679,1,2,False,0.6463
test,680,1,0,False,0.7988
test,681,1,0,False,0.8007
test,682,1,2,False,0.5508
test,683,1,2,False,0.6483
test,684,1,1,True,0.5336
test,685,1,1,True,0.5758
test,686,1,1,True,0.4336
test,687,1,1,True,0.4140
test,688,1,2,False,0.4635
test,689,1,1,True,0.5992
test,690,1,1,True,0.6887
test,691,1,0,False,0.7018
test,692,1,1,True,0.4995
test,693,1,0,False,0.7119
test,694,1,0,False,0.7824
test,695,1,2,False,0.5483
test,696,1,0,False,0.8659
test,697,1,0,False,0.9085
test,698,1,0,False,0.7417
test,699,1,1,True,0.5490
test,700,1,1,True,0.7223
test,701,1,2,False,0.4092
test,702,1,2,False,0.5833
test,703,1,2,False,0.4792
test,704,1,0,False,0.5813
test,705,1,0,False,0.5732
test,706,1,0,False,0.4486
test,707,1,0,False,0.5136
test,708,1,0,False,0.7613
test,709,1,0,False,0.5342
test,710,1,1,True,0.5538
test,711,1,1,True,0.5616
test,712,1,2,False,0.6595
test,713,1,1,True,0.4377
test,714,1,2,False,0.9796
test,715,1,1,True,0.5394
test,716,1,1,True,0.4110
test,717,1,0,False,0.4683
test,718,1,0,False,0.7475
test,719,1,0,False,0.9128
test,720,1,0,False,0.8818
test,721,1,2,False,0.6614
test,722,1,1,True,0.6714
test,723,1,1,True,0.3532
test,724,1,1,True,0.5314
test,725,1,0,False,0.8935
test,726,1,0,False,0.7349
test,727,1,0,False,0.4996
test,728,1,2,False,0.7308
test,729,1,1,True,0.5014
test,730,1,0,False,0.8476
test,731,1,0,False,0.7326
test,732,1,1,True,0.4200
test,733,1,2,False,0.6959
test,734,1,0,False,0.8144
test,735,1,0,False,0.7167
test,736,1,0,False,0.4082
test,737,1,2,False,0.9388
test,738,1,0,False,0.5132
test,739,1,0,False,0.8731
test,740,1,1,True,0.6345
test,741,1,0,False,0.5070
test,742,1,1,True,0.5860
test,743,1,1,True,0.4943
test,744,1,0,False,0.8413
test,745,1,2,False,0.4307
test,746,1,0,False,0.8935
test,747,1,0,False,0.8594
test,748,1,2,False,0.8877
test,749,1,0,False,0.3881
test,750,1,0,False,0.7620
test,751,1,1,True,0.6112
test,752,1,0,False,0.8453
test,753,1,0,False,0.8694
test,754,1,2,False,0.6539
test,755,1,0,False,0.6044
test,756,1,0,False,0.7273
test,757,1,0,False,0.7018
test,758,1,0,False,0.4918
test,759,1,1,True,0.4431
test,760,1,2,False,0.5831
test,761,1,0,False,0.8656
test,762,1,0,False,0.7566
test,763,1,2,False,0.4566
test,764,1,0,False,0.4765
test,765,1,0,False,0.7275
test,766,1,0,False,0.5285
test,767,1,0,False,0.7573
test,768,1,1,True,0.5961
test,769,1,1,True,0.5467
test,770,1,0,False,0.8141
test,771,1,1,True,0.4582
test,772,1,0,False,0.7284
test,773,1,1,True,0.5767
test,774,1,0,False,0.6195
test,775,1,0,False,0.8119
test,776,1,2,False,0.4026
test,777,1,0,False,0.5097
test,778,1,0,False,0.5741
test,779,1,0,False,0.8883
test,780,1,0,False,0.6764
test,781,1,0,False,0.6650
test,782,1,0,False,0.6396
test,783,1,2,False,0.3537
test,784,1,1,True,0.6830
test,785,1,0,False,0.8523
test,786,1,0,False,0.6421
test,787,1,0,False,0.7803
test,788,1,2,False,0.4569
test,789,1,1,True,0.5970
test,790,1,0,False,0.5685
test,791,1,1,True,0.4993
test,792,1,1,True,0.5486
test,793,1,1,True,0.5008
test,794,1,0,False,0.4893
test,795,1,2,False,0.7086
test,796,1,0,False,0.5532
test,797,1,0,False,0.5479
test,798,1,1,True,0.4955
test,799,1,1,True,0.5870
test,800,1,0,False,0.4824
test,801,1,0,False,0.5253
test,802,1,2,False,0.5900
test,803,1,2,False,0.7857
test,804,1,1,True,0.5346
test,805,1,0,False,0.7470
test,806,1,0,False,0.7370
test,807,1,0,False,0.6026
test,808,1,1,True,0.5345
test,809,1,0,False,0.6419
test,810,1,2,False,0.4874
test,811,1,1,True,0.5951
test,812,1,0,False,0.5235
test,813,1,0,False,0.7496
test,814,1,0,False,0.4268
test,815,1,0,False,0.7345
test,816,1,1,True,0.4569
test,817,1,0,False,0.6849
test,818,1,1,True,0.4429
test,819,1,2,False,0.5202
test,820,1,0,False,0.5920
test,821,1,2,False,0.5238
test,822,1,2,False,0.5021
test,823,1,1,True,0.4592
test,824,1,1,True,0.6554
test,825,1,1,True,0.4637
test,826,1,1,True,0.6030
test,827,1,1,True,0.5222
test,828,1,0,False,0.7831
test,829,1,0,False,0.8140
test,830,1,0,False,0.5564
test,831,1,0,False,0.8281
test,832,1,1,True,0.6680
test,833,1,0,False,0.4702
test,834,1,0,False,0.4595
test,835,1,1,True,0.5109
test,836,1,0,False,0.5478
test,837,1,0,False,0.4609
test,838,1,1,True,0.4179
test,839,1,2,False,0.5632
test,840,1,0,False,0.5532
test,841,1,0,False,0.7584
test,842,1,2,False,0.7939
test,843,1,1,True,0.5846
test,844,1,1,True,0.5026
test,845,1,0,False,0.8291
test,846,1,0,False,0.7660
test,847,1,1,True,0.4185
test,848,1,0,False,0.6227
test,849,1,1,True,0.4411
test,850,1,1,True,0.4906
test,851,1,1,True,0.4995
test,852,1,1,True,0.4372
test,853,1,0,False,0.7925
test,854,1,1,True,0.5552
test,855,1,0,False,0.9562
test,856,1,0,False,0.6521
test,857,1,0,False,0.7752
test,858,1,1,True,0.5504
test,859,1,0,False,0.6415
test,860,1,0,False,0.5921
test,861,1,0,False,0.5277
test,862,1,1,True,0.5101
test,863,1,0,False,0.7844
test,864,1,1,True,0.4531
test,865,1,1,True,0.4959
test,866,1,1,True,0.4430
test,867,1,2,False,0.6746
test,868,1,0,False,0.6317
test,869,1,0,False,0.3592
test,870,1,1,True,0.4725
test,871,1,1,True,0.4487
test,872,1,0,False,0.4893
test,873,1,2,False,0.7475
test,874,1,2,False,0.7893
test,875,1,1,True,0.5853
test,876,1,1,True,0.6677
test,877,1,2,False,0.6283
test,878,1,0,False,0.4995
test,879,1,0,False,0.7618
test,880,1,0,False,0.8952
test,881,1,0,False,0.4282
test,882,1,0,False,0.8015
test,883,1,1,True,0.4134
test,884,1,1,True,0.4914
test,885,1,2,False,0.6808
test,886,1,1,True,0.5730
test,887,1,1,True,0.4557
test,888,1,2,False,0.7571
test,889,1,2,False,0.8649
test,890,1,0,False,0.4811
test,891,1,0,False,0.5923
test,892,1,0,False,0.6357
test,893,1,1,True,0.6892
test,894,1,1,True,0.4295
test,895,1,2,False,0.5008
test,896,1,0,False,0.8310
test,897,1,1,True,0.5887
test,898,1,2,False,0.5186
test,899,1,0,False,0.4507
test,900,1,0,False,0.6838
test,901,1,1,True,0.5396
test,902,1,0,False,0.5373
test,903,1,0,False,0.7059
test,904,1,1,True,0.4315
test,905,1,1,True,0.4447
test,906,1,0,False,0.9034
test,907,1,1,True,0.3635
test,908,1,0,False,0.7617
test,909,1,0,False,0.4567
test,910,1,2,False,0.4424
test,911,1,1,True,0.4463
test,912,1,2,False,0.5044
test,913,1,2,False,0.6273
test,914,1,1,True,0.6368
test,915,1,2,False,0.7227
test,916,1,1,True,0.5600
test,917,1,1,True,0.6338
test,918,1,1,True,0.5186
test,919,1,1,True,0.6233
test,920,1,1,True,0.5904
test,921,1,0,False,0.6128
test,922,1,0,False,0.4613
test,923,1,0,False,0.7930
test,924,1,2,False,0.7605
test,925,1,0,False,0.6369
test,926,1,2,False,0.8058
test,927,1,2,False,0.4073
test,928,1,1,True,0.5779
test,929,1,1,True,0.4801
test,930,1,2,False,0.9312
test,931,1,0,False,0.8685
test,932,1,2,False,0.6723
test,933,1,2,False,0.5163
test,934,1,2,False,0.6860
test,935,2,0,False,0.4215
test,936,2,1,False,0.4218
test,937,2,2,True,0.6129
test,938,2,2,True,0.9454
test,939,2,0,False,0.7194
test,940,2,2,True,0.7603
test,941,2,1,False,0.5116
test,942,2,2,True,0.9742
test,943,2,0,False,0.4135
test,944,2,2,True,0.5198
test,945,2,2,True,0.6358
test,946,2,2,True,0.8536
test,947,2,2,True,0.7669
test,948,2,2,True,0.8310
test,949,2,2,True,0.9370
test,950,2,1,False,0.4429
test,951,2,2,True,0.6156
test,952,2,2,True,0.8438
test,953,2,3,False,0.7013
test,954,2,2,True,0.6623
test,955,2,2,True,0.5836
test,956,2,2,True,0.9362
test,957,2,0,False,0.8273
test,958,2,1,False,0.4972
test,959,2,2,True,0.5394
test,960,2,1,False,0.4403
test,961,2,3,False,0.5053
test,962,2,2,True,0.9792
test,963,2,2,True,0.7421
test,964,2,0,False,0.3729
test,965,2,2,True,0.6547
test,966,2,2,True,0.8031
test,967,2,1,False,0.4925
test,968,2,2,True,0.9521
test,969,2,3,False,0.5845
test,970,2,2,True,0.7145
test,971,2,3,False,0.7708
test,972,2,2,True,0.4504
test,973,2,1,False,0.4260
test,974,2,2,True,0.8645
test,975,2,2,True,0.7130
test,976,2,2,True,0.7172
test,977,2,1,False,0.4433
test,978,2,2,True,0.9759
test,979,2,2,True,0.9581
test,980,2,0,False,0.4656
test,981,2,0,False,0.6161
test,982,2,2,True,0.6219
test,983,2,0,False,0.5127
test,984,2,2,True,0.9253
test,985,2,2,True,0.5284
test,986,2,1,False,0.4259
test,987,2,0,False,0.7220
test,988,2,2,True,0.9254
test,989,2,0,False,0.9268
test,990,2,0,False,0.9121
test,991,2,2,True,0.5012
test,992,2,2,True,0.7996
test,993,2,2,True,0.7451
test,994,2,0,False,0.5263
test,995,2,0,False,0.5925
test,996,2,1,False,0.5555
test,997,2,1,False,0.6113
test,998,2,1,False,0.4107
test,999,2,2,True,0.9342
test,1000,2,2,True,0.9800
test,1001,2,2,True,0.8644
test,1002,2,2,True,0.4548
test,1003,2,2,True,0.7541
test,1004,2,1,False,0.3977
test,1005,2,2,True,0.5891
test,1006,2,2,True,0.9882
test,1007,2,2,True,0.9864
test,1008,2,2,True,0.9559
test,1009,2,2,True,0.6366
test,1010,2,2,True,0.5687
test,1011,2,2,True,0.8022
test,1012,2,1,False,0.5111
test,1013,2,2,True,0.7237
test,1014,2,2,True,0.5289
test,1015,2,1,False,0.6508
test,1016,2,2,True,0.7730
test,1017,2,2,True,0.7642
test,1018,2,2,True,0.7983
test,1019,2,0,False,0.6986
test,1020,2,2,True,0.7765
test,1021,2,2,True,0.5815
test,1022,2,2,True,0.7406
test,1023,2,2,True,0.7304
test,1024,2,2,True,0.9326
test,1025,2,2,True,0.9682
test,1026,2,0,False,0.7860
test,1027,2,1,False,0.4591
test,1028,2,2,True,0.7512
test,1029,2,2,True,0.9425
test,1030,2,1,False,0.5331
test,1031,2,2,True,0.7729
test,1032,2,1,False,0.5402
test,1033,2,2,True,0.3596
test,1034,2,2,True,0.7010
test,1035,2,1,False,0.5897
test,1036,2,2,True,0.7835
test,1037,2,1,False,0.3808
test,1038,2,2,True,0.5897
test,1039,2,2,True,0.6341
test,1040,2,0,False,0.4670
test,1041,2,2,True,0.7984
test,1042,2,2,True,0.7985
test,1043,2,0,False,0.5016
test,1044,2,2,True,0.7714
test,1045,2,2,True,0.7341
test,1046,2,2,True,0.9766
test,1047,2,2,True,0.9580
test,1048,2,2,True,0.6625
test,1049,2,1,False,0.4023
test,1050,2,2,True,0.8077
test,1051,2,2,True,0.5873
test,1052,2,1,False,0.5855
test,1053,2,1,False,0.4665
test,1054,2,2,True,0.8628
test,1055,2,2,True,0.7174
test,1056,2,2,True,0.7459
test,1057,2,2,True,0.6363
test,1058,2,2,True,0.5964
test,1059,2,0,False,0.7645
test,1060,2,0,False,0.5895
test,1061,2,2,True,0.7631
test,1062,2,0,False,0.7446
test,1063,2,2,True,0.4184
test,1064,2,0,False,0.4134
test,1065,2,2,True,0.5945
test,1066,2,2,True,0.5100
test,1067,2,0,False,0.6424
test,1068,2,1,False,0.5571
test,1069,2,1,False,0.4828
test,1070,2,1,False,0.3749
test,1071,2,0,False,0.5242
test,1072,2,2,True,0.4618
test,1073,2,2,True,0.8809
test,1074,2,0,False,0.8335
test,1075,2,1,False,0.5397
test,1076,2,3,False,0.6155
test,1077,2,2,True,0.9580
test,1078,2,2,True,0.8467
test,1079,2,1,False,0.4931
test,1080,2,1,False,0.4587
test,1081,2,2,True,0.9047
test,1082,2,2,True,0.9317
test,1083,2,2,True,0.8999
test,1084,2,2,True,0.9656
test,1085,2,2,True,0.9069
test,1086,2,2,True,0.6647
test,1087,2,2,True,0.5761
test,1088,2,2,True,0.6540
test,1089,2,2,True,0.6856
test,1090,2,2,True,0.5211
test,1091,2,2,True,0.9345
test,1092,2,1,False,0.6258
test,1093,2,2,True,0.6707
test,1094,2,1,False,0.4817
test,1095,2,2,True,0.9769
test,1096,2,1,False,0.5316
test,1097,2,2,True,0.9793
test,1098,2,2,True,0.6409
test,1099,2,2,True,0.7618
test,1100,2,2,True,0.8573
test,1101,2,0,False,0.6171
test,1102,2,1,False,0.5337
test,1103,2,2,True,0.9421
test,1104,2,2,True,0.9346
test,1105,2,1,False,0.4854
test,1106,2,2,True,0.6196
test,1107,2,2,True,0.8790
test,1108,2,2,True,0.9569
test,1109,2,2,True,0.9392
test,1110,2,2,True,0.8969
test,1111,2,0,False,0.4452
test,1112,2,1,False,0.5150
test,1113,2,3,False,0.5529
test,1114,2,2,True,0.7612
test,1115,2,0,False,0.5130
test,1116,2,1,False,0.4210
test,1117,2,2,True,0.8317
test,1118,2,0,False,0.8862
test,1119,2,2,True,0.7228
test,1120,2,2,True,0.6545
test,1121,2,1,False,0.5144
test,1122,2,2,True,0.7734
test,1123,2,2,True,0.4173
test,1124,2,2,True,0.8758
test,1125,2,2,True,0.6102
test,1126,2,2,True,0.4258
test,1127,2,2,True,0.7806
test,1128,2,2,True,0.9190
test,1129,2,2,True,0.7879
test,1130,2,2,True,0.9345
test,1131,2,2,True,0.8377
test,1132,2,2,True,0.9243
test,1133,2,2,True,0.7606
test,1134,2,2,True,0.7167
test,1135,2,0,False,0.7986
test,1136,2,1,False,0.4359
test,1137,2,2,True,0.8828
test,1138,2,2,True,0.4445
test,1139,2,2,True,0.9304
test,1140,2,2,True,0.8899
test,1141,2,2,True,0.4961
test,1142,2,2,True,0.6220
test,1143,2,2,True,0.9680
test,1144,2,2,True,0.4977
test,1145,2,2,True,0.5852
test,1146,2,1,False,0.5058
test,1147,2,2,True,0.8546
test,1148,2,1,False,0.6116
test,1149,2,2,True,0.7903
test,1150,2,2,True,0.9013
test,1151,2,2,True,0.9300
test,1152,2,2,True,0.9440
test,1153,2,2,True,0.8136
test,1154,2,2,True,0.6012
test,1155,2,2,True,0.9230
test,1156,2,2,True,0.4247
test,1157,2,2,True,0.9004
test,1158,2,2,True,0.8382
test,1159,2,2,True,0.9063
test,1160,2,2,True,0.8058
test,1161,2,2,True,0.8701
test,1162,2,2,True,0.9665
test,1163,2,1,False,0.5961
test,1164,2,2,True,0.5551
test,1165,2,0,False,0.8540
test,1166,2,2,True,0.6766
test,1167,2,2,True,0.8645
test,1168,2,2,True,0.9003
test,1169,2,0,False,0.4644
test,1170,2,2,True,0.9477
test,1171,2,1,False,0.5740
test,1172,2,1,False,0.5355
test,1173,2,2,True,0.7720
test,1174,2,2,True,0.9250
test,1175,2,1,False,0.4806
test,1176,2,2,True,0.8797
test,1177,2,1,False,0.4726
test,1178,2,2,True,0.7393
test,1179,2,2,True,0.9086
test,1180,2,3,False,0.8109
test,1181,2,2,True,0.8711
test,1182,2,0,False,0.8535
test,1183,2,2,True,0.6272
test,1184,2,1,False,0.6923
test,1185,2,3,False,0.5210
test,1186,2,2,True,0.5273
test,1187,2,1,False,0.5500
test,1188,2,1,False,0.6545
test,1189,2,2,True,0.4555
test,1190,2,2,True,0.8632
test,1191,2,0,False,0.4742
test,1192,2,0,False,0.3976
test,1193,2,0,False,0.4570
test,1194,2,1,False,0.5378
test,1195,2,2,True,0.7496
test,1196,2,2,True,0.9132
test,1197,2,2,True,0.4373
test,1198,2,2,True,0.4177
test,1199,2,2,True,0.8937
test,1200,2,2,True,0.7288
test,1201,2,2,True,0.4191
test,1202,2,2,True,0.5463
test,1203,2,2,True,0.9088
test,1204,2,2,True,0.6543
test,1205,2,2,True,0.8815
test,1206,2,1,False,0.4618
test,1207,2,2,True,0.4860
test,1208,2,2,True,0.7159
test,1209,2,2,True,0.8672
test,1210,2,3,False,0.5072
test,1211,2,2,True,0.7433
test,1212,2,2,True,0.7194
test,1213,2,2,True,0.9451
test,1214,2,0,False,0.6169
test,1215,2,2,True,0.6595
test,1216,2,2,True,0.8453
test,1217,2,1,False,0.5082
test,1218,2,2,True,0.5607
test,1219,2,1,False,0.5793
test,1220,2,3,False,0.8271
test,1221,2,1,False,0.5403
test,1222,2,3,False,0.6928
test,1223,2,3,False,0.7178
test,1224,2,1,False,0.4738
test,1225,2,1,False,0.4444
test,1226,2,2,True,0.8125
test,1227,2,2,True,0.6710
test,1228,2,3,False,0.6075
test,1229,2,2,True,0.8750
test,1230,2,2,True,0.5229
test,1231,2,1,False,0.5771
test,1232,2,2,True,0.5408
test,1233,2,1,False,0.3699
test,1234,2,2,True,0.9436
test,1235,2,2,True,0.8917
test,1236,2,2,True,0.7909
test,1237,2,2,True,0.4807
test,1238,2,3,False,0.5336
test,1239,2,2,True,0.8783
test,1240,2,2,True,0.7112
test,1241,2,3,False,0.4305
test,1242,2,2,True,0.8337
test,1243,2,2,True,0.8272
test,1244,2,3,False,0.5329
test,1245,2,0,False,0.6545
test,1246,2,2,True,0.4203
test,1247,2,1,False,0.5248
test,1248,2,2,True,0.6328
test,1249,2,1,False,0.6345
test,1250,2,0,False,0.5710
test,1251,2,0,False,0.5488
test,1252,2,2,True,0.3840
test,1253,2,2,True,0.9207
test,1254,2,2,True,0.5741
test,1255,2,2,True,0.9699
test,1256,2,2,True,0.8257
test,1257,2,2,True,0.4351
test,1258,2,2,True,0.7639
test,1259,2,2,True,0.3795
test,1260,2,1,False,0.6035
test,1261,2,2,True,0.9018
test,1262,2,2,True,0.9574
test,1263,2,1,False,0.5143
test,1264,2,1,False,0.4649
test,1265,2,1,False,0.6462
test,1266,2,2,True,0.9236
test,1267,2,2,True,0.8186
test,1268,2,2,True,0.4883
test,1269,2,3,False,0.5918
test,1270,2,2,True,0.5874
test,1271,2,2,True,0.5535
test,1272,2,0,False,0.5471
test,1273,2,0,False,0.7341
test,1274,2,0,False,0.5824
test,1275,2,2,True,0.7669
test,1276,2,2,True,0.5300
test,1277,2,2,True,0.4764
test,1278,2,2,True,0.8109
test,1279,2,2,True,0.7996
test,1280,2,2,True,0.4261
test,1281,2,2,True,0.8640
test,1282,2,2,True,0.6151
test,1283,2,2,True,0.7785
test,1284,2,0,False,0.7850
test,1285,2,0,False,0.7349
test,1286,2,2,True,0.9458
test,1287,2,2,True,0.9802
test,1288,2,1,False,0.5992
test,1289,2,2,True,0.9235
test,1290,2,2,True,0.9791
test,1291,2,1,False,0.5474
test,1292,2,2,True,0.5393
test,1293,2,3,False,0.5548
test,1294,2,2,True,0.5509
test,1295,2,0,False,0.4920
test,1296,2,0,False,0.7425
test,1297,2,2,True,0.6900
test,1298,2,2,True,0.4354
test,1299,2,0,False,0.4558
test,1300,2,1,False,0.6791
test,1301,2,2,True,0.8361
test,1302,2,0,False,0.5530
test,1303,2,2,True,0.9786
test,1304,2,2,True,0.9740
test,1305,2,2,True,0.5335
test,1306,2,0,False,0.4694
test,1307,2,2,True,0.8560
test,1308,2,3,False,0.5397
test,1309,2,2,True,0.8483
test,1310,2,2,True,0.6746
test,1311,2,1,False,0.4821
test,1312,2,2,True,0.6710
test,1313,2,1,False,0.4514
test,1314,2,1,False,0.4381
test,1315,2,2,True,0.9717
test,1316,2,2,True,0.8989
test,1317,2,1,False,0.5256
test,1318,2,2,True,0.5383
test,1319,2,2,True,0.5162
test,1320,2,0,False,0.4872
test,1321,2,1,False,0.4879
test,1322,2,2,True,0.9664
test,1323,2,0,False,0.4783
test,1324,2,1,False,0.5541
test,1325,2,2,True,0.6429
test,1326,2,1,False,0.4674
test,1327,2,2,True,0.9826
test,1328,2,2,True,0.8995
test,1329,2,2,True,0.5158
test,1330,2,1,False,0.4403
test,1331,2,2,True,0.6227
test,1332,2,2,True,0.7042
test,1333,2,2,True,0.9014
test,1334,2,2,True,0.7207
test,1335,2,2,True,0.8224
test,1336,2,2,True,0.7443
test,1337,2,1,False,0.7009
test,1338,2,2,True,0.6609
test,1339,2,0,False,0.4086
test,1340,2,2,True,0.8485
test,1341,2,2,True,0.9742
test,1342,2,2,True,0.6331
test,1343,2,2,True,0.7009
test,1344,2,2,True,0.5770
test,1345,2,2,True,0.9469
test,1346,2,0,False,0.4530
test,1347,2,1,False,0.4112
test,1348,2,1,False,0.3835
test,1349,2,2,True,0.8285
test,1350,2,1,False,0.5837
test,1351,2,0,False,0.3913
test,1352,2,0,False,0.6780
test,1353,2,2,True,0.8857
test,1354,2,2,True,0.4676
test,1355,2,2,True,0.9459
test,1356,2,2,True,0.8910
test,1357,2,2,True,0.4669
test,1358,2,1,False,0.4884
test,1359,2,2,True,0.7176
test,1360,2,2,True,0.8665
test,1361,2,2,True,0.8801
test,1362,2,2,True,0.9207
test,1363,2,0,False,0.5818
test,1364,2,1,False,0.7025
test,1365,2,2,True,0.6879
test,1366,2,0,False,0.7113
test,1367,2,0,False,0.6161
test,1368,2,2,True,0.8752
test,1369,2,2,True,0.7720
test,1370,2,2,True,0.7826
test,1371,2,2,True,0.9752
test,1372,2,0,False,0.8627
test,1373,2,2,True,0.6685
test,1374,2,0,False,0.8246
test,1375,2,2,True,0.8808
test,1376,2,2,True,0.4866
test,1377,2,2,True,0.8467
test,1378,2,2,True,0.4853
test,1379,2,2,True,0.9335
test,1380,2,0,False,0.6166
test,1381,2,3,False,0.5695
test,1382,3,3,True,0.8894
test,1383,3,1,False,0.3165
test,1384,3,3,True,0.7613
test,1385,3,3,True,0.9563
test,1386,3,2,False,0.7354
test,1387,3,3,True,0.8307
test,1388,3,0,False,0.6457
test,1389,3,3,True,0.8445
test,1390,3,3,True,0.9647
test,1391,3,2,False,0.7867
test,1392,3,3,True,0.9066
test,1393,3,2,False,0.5021
test,1394,3,3,True,0.9584
test,1395,3,3,True,0.6067
test,1396,3,3,True,0.7354
test,1397,3,3,True,0.8685
test,1398,3,3,True,0.9074
test,1399,3,3,True,0.6014
test,1400,3,3,True,0.6545
test,1401,3,3,True,0.9413
test,1402,3,3,True,0.8030
test,1403,3,3,True,0.5360
test,1404,3,3,True,0.8704
test,1405,3,4,False,0.7241
test,1406,3,3,True,0.8325
test,1407,3,3,True,0.8595
test,1408,3,2,False,0.7825
test,1409,3,2,False,0.6752
test,1410,3,4,False,0.9847
test,1411,3,2,False,0.7028
test,1412,3,3,True,0.8799
test,1413,3,3,True,0.7987
test,1414,3,3,True,0.8232
test,1415,3,3,True,0.9189
test,1416,3,3,True,0.6864
test,1417,3,3,True,0.9193
test,1418,3,3,True,0.5523
test,1419,3,3,True,0.7289
test,1420,3,2,False,0.6078
test,1421,3,3,True,0.5048
test,1422,3,3,True,0.9144
test,1423,3,2,False,0.4775
test,1424,3,3,True,0.8701
test,1425,3,3,True,0.7710
test,1426,3,2,False,0.7837
test,1427,3,3,True,0.9341
test,1428,3,3,True,0.7793
test,1429,3,3,True,0.9714
test,1430,3,3,True,0.9655
test,1431,3,3,True,0.8323
test,1432,3,3,True,0.9779
test,1433,3,2,False,0.6121
test,1434,3,2,False,0.6032
test,1435,3,3,True,0.8886
test,1436,3,3,True,0.9385
test,1437,3,3,True,0.9331
test,1438,3,3,True,0.9737
test,1439,3,2,False,0.6054
test,1440,3,2,False,0.6437
test,1441,3,3,True,0.6518
test,1442,3,1,False,0.4133
test,1443,3,3,True,0.7534
test,1444,3,3,True,0.9479
test,1445,3,2,False,0.7563
test,1446,3,3,True,0.6988
test,1447,3,4,False,0.9915
test,1448,3,3,True,0.9317
test,1449,3,3,True,0.4893
test,1450,3,3,True,0.8418
test,1451,3,4,False,0.6659
test,1452,3,3,True,0.5859
test,1453,3,3,True,0.8423
test,1454,3,2,False,0.4261
test,1455,3,3,True,0.9822
test,1456,3,3,True,0.8589
test,1457,3,2,False,0.4904
test,1458,3,2,False,0.6393
test,1459,3,3,True,0.6480
test,1460,3,3,True,0.5498
test,1461,3,3,True,0.9278
test,1462,3,3,True,0.8393
test,1463,3,3,True,0.7966
test,1464,3,3,True,0.7316
test,1465,3,3,True,0.8937
test,1466,3,2,False,0.5958
test,1467,3,2,False,0.8121
test,1468,3,3,True,0.9025
test,1469,3,3,True,0.5462
test,1470,3,2,False,0.6238
test,1471,3,3,True,0.9534
test,1472,3,3,True,0.6779
test,1473,3,3,True,0.9081
test,1474,3,3,True,0.6730
test,1475,3,3,True,0.5325
test,1476,3,2,False,0.3282
test,1477,3,3,True,0.7689
test,1478,3,3,True,0.5667
test,1479,3,2,False,0.7741
test,1480,3,3,True,0.6946
test,1481,3,3,True,0.8621
test,1482,3,3,True,0.6129
test,1483,3,3,True,0.8581
test,1484,3,2,False,0.7957
test,1485,3,1,False,0.5198
test,1486,3,3,True,0.8107
test,1487,3,2,False,0.4963
test,1488,3,2,False,0.4949
test,1489,3,2,False,0.6363
test,1490,3,3,True,0.9635
test,1491,3,4,False,0.9366
test,1492,3,2,False,0.7692
test,1493,3,3,True,0.5856
test,1494,3,3,True,0.9641
test,1495,3,2,False,0.9379
test,1496,3,2,False,0.9410
test,1497,3,1,False,0.5185
test,1498,3,1,False,0.4772
test,1499,3,2,False,0.6240
test,1500,3,3,True,0.8900
test,1501,3,3,True,0.5967
test,1502,3,3,True,0.9484
test,1503,3,3,True,0.8034
test,1504,3,2,False,0.7371
test,1505,3,3,True,0.9101
test,1506,3,3,True,0.7549
test,1507,3,2,False,0.7666
test,1508,3,3,True,0.9043
test,1509,3,3,True,0.9803
test,1510,3,3,True,0.7595
test,1511,3,3,True,0.7207
test,1512,3,3,True,0.9703
test,1513,3,3,True,0.9161
test,1514,3,3,True,0.6265
test,1515,3,3,True,0.8245
test,1516,3,3,True,0.7497
test,1517,3,3,True,0.9162
test,1518,3,3,True,0.8319
test,1519,3,3,True,0.9619
test,1520,3,3,True,0.8940
test,1521,3,0,False,0.5093
test,1522,3,3,True,0.9211
test,1523,3,3,True,0.9815
test,1524,3,3,True,0.9447
test,1525,3,2,False,0.4486
test,1526,3,3,True,0.9269
test,1527,3,3,True,0.9798
test,1528,3,3,True,0.9402
test,1529,3,3,True,0.8535
test,1530,3,3,True,0.8935
test,1531,3,2,False,0.5451
test,1532,3,3,True,0.9578
test,1533,3,3,True,0.8436
test,1534,3,2,False,0.7259
test,1535,3,2,False,0.5981
test,1536,3,4,False,0.7258
test,1537,3,3,True,0.7343
test,1538,3,2,False,0.5192
test,1539,3,2,False,0.7302
test,1540,3,3,True,0.6872
test,1541,3,1,False,0.5959
test,1542,3,3,True,0.9590
test,1543,3,1,False,0.4524
test,1544,3,3,True,0.6165
test,1545,3,3,True,0.6541
test,1546,3,2,False,0.8681
test,1547,3,2,False,0.5681
test,1548,3,3,True,0.6870
test,1549,3,3,True,0.6530
test,1550,3,3,True,0.9802
test,1551,3,3,True,0.6459
test,1552,3,3,True,0.8700
test,1553,3,3,True,0.5269
test,1554,3,3,True,0.9449
test,1555,3,3,True,0.8847
test,1556,3,3,True,0.9196
test,1557,3,3,True,0.9649
test,1558,3,2,False,0.9080
test,1559,3,3,True,0.9525
test,1560,3,2,False,0.3893
test,1561,3,2,False,0.5692
test,1562,3,3,True,0.9751
test,1563,3,3,True,0.9339
test,1564,3,4,False,0.5031
test,1565,3,1,False,0.4461
test,1566,3,3,True,0.7905
test,1567,3,1,False,0.4899
test,1568,3,2,False,0.5440
test,1569,3,1,False,0.4905
test,1570,3,2,False,0.8747
test,1571,3,2,False,0.5231
test,1572,3,3,True,0.8616
test,1573,3,3,True,0.5860
test,1574,3,3,True,0.6901
test,1575,3,3,True,0.9623
test,1576,3,3,True,0.8419
test,1577,3,3,True,0.9634
test,1578,3,3,True,0.9125
test,1579,3,3,True,0.6124
test,1580,3,3,True,0.8610
test,1581,3,3,True,0.5060
test,1582,3,3,True,0.8315
test,1583,3,2,False,0.6588
test,1584,3,3,True,0.9025
test,1585,3,3,True,0.9334
test,1586,3,3,True,0.9438
test,1587,3,3,True,0.7773
test,1588,3,3,True,0.5215
test,1589,3,3,True,0.9159
test,1590,3,3,True,0.7104
test,1591,3,3,True,0.6416
test,1592,3,3,True,0.9665
test,1593,3,2,False,0.7703
test,1594,3,3,True,0.5636
test,1595,3,3,True,0.9383
test,1596,3,3,True,0.6886
test,1597,3,2,False,0.7239
test,1598,3,3,True,0.9262
test,1599,3,3,True,0.7493
test,1600,3,2,False,0.5543
test,1601,3,3,True,0.8779
test,1602,3,3,True,0.7533
test,1603,3,3,True,0.8063
test,1604,3,3,True,0.8466
test,1605,4,4,True,0.9897
test,1606,4,4,True,0.9888
test,1607,4,4,True,0.9462
test,1608,4,4,True,0.9105
test,1609,4,4,True,0.9911
test,1610,4,4,True,0.9933
test,1611,4,3,False,0.5835
test,1612,4,3,False,0.6442
test,1613,4,4,True,0.9954
test,1614,4,4,True,0.9910
test,1615,4,4,True,0.9711
test,1616,4,4,True,0.9945
test,1617,4,3,False,0.9706
test,1618,4,3,False,0.9630
test,1619,4,4,True,0.9107
test,1620,4,4,True,0.9957
test,1621,4,4,True,0.9953
test,1622,4,3,False,0.9644
test,1623,4,4,True,0.9890
test,1624,4,4,True,0.9958
test,1625,4,4,True,0.9799
test,1626,4,4,True,0.9951
test,1627,4,4,True,0.8885
test,1628,4,3,False,0.9525
test,1629,4,4,True,0.9928
test,1630,4,3,False,0.5992
test,1631,4,3,False,0.8191
test,1632,4,4,True,0.9951
test,1633,4,4,True,0.9952
test,1634,4,4,True,0.9958
test,1635,4,4,True,0.9829
test,1636,4,4,True,0.9927
test,1637,4,4,True,0.9939
test,1638,4,4,True,0.9882
test,1639,4,4,True,0.9956
test,1640,4,4,True,0.9828
test,1641,4,4,True,0.9888
test,1642,4,3,False,0.8962
test,1643,4,4,True,0.9952
test,1644,4,4,True,0.9882
test,1645,4,3,False,0.7809
test,1646,4,4,True,0.9807
test,1647,4,4,True,0.9971
test,1648,4,4,True,0.9914
test,1649,4,4,True,0.5270
test,1650,4,4,True,0.9943
test,1651,4,4,True,0.9296
test,1652,4,4,True,0.9882
test,1653,4,3,False,0.9518
test,1654,4,4,True,0.9362
test,1655,4,4,True,0.8229
